{"cameraMode":{"drawMode":0,"name":"Shaded","section":"Shading Mode"},"sceneLighting":false,"audioPlay":false,"sceneViewState":{"m_AlwaysRefresh":false,"showFog":true,"showSkybox":false,"showFlares":true,"showImageEffects":true,"showParticleSystems":true,"showVisualEffectGraphs":true,"m_FxEnabled":true},"in2DMode":false,"pivot":{"x":3.9380993843078615,"y":1.4935659170150757,"z":3.1914827823638918},"rotation":{"x":0.007184683810919523,"y":-0.02963664010167122,"z":-0.00027580870664678514,"w":-0.9995700120925903},"size":6.647978782653809,"orthographic":false}