{"cameraMode":{"drawMode":0,"name":"Shaded","section":"Shading Mode"},"sceneLighting":true,"audioPlay":false,"sceneViewState":{"m_AlwaysRefresh":false,"showFog":true,"showSkybox":true,"showFlares":true,"showImageEffects":true,"showParticleSystems":true,"showVisualEffectGraphs":true,"m_FxEnabled":true},"in2DMode":false,"pivot":{"x":1461.1790771484375,"y":662.3042602539063,"z":328.2838134765625},"rotation":{"x":-0.007166584488004446,"y":0.07098942250013352,"z":0.0005798829952254891,"w":0.9974837303161621},"size":953.4878540039063,"orthographic":false}