{"cameraMode":{"drawMode":0,"name":"Shaded","section":"Shading Mode"},"sceneLighting":true,"audioPlay":false,"sceneViewState":{"m_AlwaysRefresh":false,"showFog":true,"showSkybox":true,"showFlares":true,"showImageEffects":true,"showParticleSystems":true,"showVisualEffectGraphs":true,"m_FxEnabled":true},"in2DMode":false,"pivot":{"x":-2.2001163959503176,"y":2.2042555809020998,"z":25.18474769592285},"rotation":{"x":0.012547114863991738,"y":0.9867193102836609,"z":-0.1328238695859909,"w":0.09295383840799332},"size":5.209301471710205,"orthographic":false}