{"cameraMode":{"drawMode":0,"name":"Shaded","section":"Shading Mode"},"sceneLighting":true,"audioPlay":false,"sceneViewState":{"m_AlwaysRefresh":false,"showFog":true,"showSkybox":true,"showFlares":true,"showImageEffects":true,"showParticleSystems":true,"showVisualEffectGraphs":true,"m_FxEnabled":true},"in2DMode":false,"pivot":{"x":16.419458389282228,"y":-32.671627044677737,"z":51.32463073730469},"rotation":{"x":0.3279820382595062,"y":0.04188504070043564,"z":-0.014601781964302063,"w":0.943676233291626},"size":37.172943115234378,"orthographic":false}