{"cameraMode":{"drawMode":0,"name":"Shaded","section":"Shading Mode"},"sceneLighting":true,"audioPlay":false,"sceneViewState":{"m_AlwaysRefresh":false,"showFog":true,"showSkybox":true,"showFlares":true,"showImageEffects":true,"showParticleSystems":true,"showVisualEffectGraphs":true,"m_FxEnabled":true},"in2DMode":false,"pivot":{"x":-0.5053806304931641,"y":0.7880491018295288,"z":2.046560287475586},"rotation":{"x":-0.1526476889848709,"y":0.11068812757730484,"z":-0.017200231552124025,"w":-0.9819536209106445},"size":3.2504827976226808,"orthographic":false}