{"cameraMode":{"drawMode":0,"name":"Shaded","section":"Shading Mode"},"sceneLighting":true,"audioPlay":false,"sceneViewState":{"m_AlwaysRefresh":false,"showFog":true,"showSkybox":true,"showFlares":true,"showImageEffects":true,"showParticleSystems":true,"showVisualEffectGraphs":true,"m_FxEnabled":true},"in2DMode":false,"pivot":{"x":14.492429733276368,"y":0.19843482971191407,"z":10.357385635375977},"rotation":{"x":-0.3302757441997528,"y":0.23446409404277802,"z":-0.08498188853263855,"w":-0.910392701625824},"size":6.586892127990723,"orthographic":false}