{"cameraMode":{"drawMode":0,"name":"Shaded","section":"Shading Mode"},"sceneLighting":false,"audioPlay":false,"sceneViewState":{"m_AlwaysRefresh":false,"showFog":true,"showSkybox":false,"showFlares":true,"showImageEffects":true,"showParticleSystems":true,"showVisualEffectGraphs":true,"m_FxEnabled":true},"in2DMode":false,"pivot":{"x":4.050000190734863,"y":2.7285027503967287,"z":3.9001412391662599},"rotation":{"x":0.3006483316421509,"y":-0.060648366808891299,"z":0.01911231130361557,"w":0.9516437649726868},"size":1.5987898111343384,"orthographic":false}